{"LLM_NAME": "Llama70B", "N_REAL": 25, "N_SYNTH": 1975, "TARGET": "aspect_category", "LLM_SAMPLING": "fixed", "single_split_results": [{"eval_loss": 0.2945704162120819, "eval_hamming_loss": 0.1152, "eval_accuracy": 0.644, "eval_f1_macro": 0.74008988174879, "eval_f1_micro": 0.760797342192691, "eval_f1_weighted": 0.7651359830882795, "eval_precision_GENERAL-IMPRESSION": 0.6569767441860465, "eval_recall_GENERAL-IMPRESSION": 0.8432835820895522, "eval_f1_GENERAL-IMPRESSION": 0.7385620915032679, "eval_accuracy_GENERAL-IMPRESSION": 0.84, "eval_precision_FOOD": 0.9010989010989011, "eval_recall_FOOD": 0.7663551401869159, "eval_f1_FOOD": 0.8282828282828283, "eval_accuracy_FOOD": 0.864, "eval_precision_SERVICE": 0.94, "eval_recall_SERVICE": 0.6064516129032258, "eval_f1_SERVICE": 0.7372549019607842, "eval_accuracy_SERVICE": 0.866, "eval_precision_AMBIENCE": 0.7536231884057971, "eval_recall_AMBIENCE": 0.7428571428571429, "eval_f1_AMBIENCE": 0.748201438848921, "eval_accuracy_AMBIENCE": 0.93, "eval_precision_PRICE": 0.5, "eval_recall_PRICE": 0.9210526315789473, "eval_f1_PRICE": 0.6481481481481481, "eval_accuracy_PRICE": 0.924, "eval_runtime": 2.0071, "eval_samples_per_second": 249.116, "eval_steps_per_second": 7.972, "epoch": 7.0}, {"eval_loss": 0.2678687572479248, "eval_hamming_loss": 0.1004, "eval_accuracy": 0.674, "eval_f1_macro": 0.7758187056550732, "eval_f1_micro": 0.7934156378600823, "eval_f1_weighted": 0.7994388211868225, "eval_precision_GENERAL-IMPRESSION": 0.59375, "eval_recall_GENERAL-IMPRESSION": 0.957983193277311, "eval_f1_GENERAL-IMPRESSION": 0.7331189710610931, "eval_accuracy_GENERAL-IMPRESSION": 0.834, "eval_precision_FOOD": 0.8666666666666667, "eval_recall_FOOD": 0.8086124401913876, "eval_f1_FOOD": 0.8366336633663366, "eval_accuracy_FOOD": 0.868, "eval_precision_SERVICE": 0.9147286821705426, "eval_recall_SERVICE": 0.7612903225806451, "eval_f1_SERVICE": 0.8309859154929577, "eval_accuracy_SERVICE": 0.904, "eval_precision_AMBIENCE": 0.7647058823529411, "eval_recall_AMBIENCE": 0.8125, "eval_f1_AMBIENCE": 0.787878787878788, "eval_accuracy_AMBIENCE": 0.944, "eval_precision_PRICE": 0.6170212765957447, "eval_recall_PRICE": 0.7837837837837838, "eval_f1_PRICE": 0.6904761904761905, "eval_accuracy_PRICE": 0.948, "eval_runtime": 1.4109, "eval_samples_per_second": 354.377, "eval_steps_per_second": 11.34, "epoch": 7.0}, {"eval_loss": 0.28113675117492676, "eval_hamming_loss": 0.1108, "eval_accuracy": 0.646, "eval_f1_macro": 0.7646572415094748, "eval_f1_micro": 0.7682008368200836, "eval_f1_weighted": 0.7725941554551841, "eval_precision_GENERAL-IMPRESSION": 0.6, "eval_recall_GENERAL-IMPRESSION": 0.8978102189781022, "eval_f1_GENERAL-IMPRESSION": 0.719298245614035, "eval_accuracy_GENERAL-IMPRESSION": 0.808, "eval_precision_FOOD": 0.8977272727272727, "eval_recall_FOOD": 0.7348837209302326, "eval_f1_FOOD": 0.8081841432225064, "eval_accuracy_FOOD": 0.85, "eval_precision_SERVICE": 0.9203539823008849, "eval_recall_SERVICE": 0.697986577181208, "eval_f1_SERVICE": 0.7938931297709922, "eval_accuracy_SERVICE": 0.892, "eval_precision_AMBIENCE": 0.7540983606557377, "eval_recall_AMBIENCE": 0.6764705882352942, "eval_f1_AMBIENCE": 0.7131782945736433, "eval_accuracy_AMBIENCE": 0.926, "eval_precision_PRICE": 0.717948717948718, "eval_recall_PRICE": 0.875, "eval_f1_PRICE": 0.7887323943661971, "eval_accuracy_PRICE": 0.97, "eval_runtime": 1.6896, "eval_samples_per_second": 295.922, "eval_steps_per_second": 9.469, "epoch": 7.0}, {"eval_loss": 0.24708056449890137, "eval_hamming_loss": 0.0896, "eval_accuracy": 0.706, "eval_f1_macro": 0.790496685489923, "eval_f1_micro": 0.8045375218150087, "eval_f1_weighted": 0.808119031801642, "eval_precision_GENERAL-IMPRESSION": 0.6280487804878049, "eval_recall_GENERAL-IMPRESSION": 0.8879310344827587, "eval_f1_GENERAL-IMPRESSION": 0.7357142857142858, "eval_accuracy_GENERAL-IMPRESSION": 0.852, "eval_precision_FOOD": 0.9022988505747126, "eval_recall_FOOD": 0.7929292929292929, "eval_f1_FOOD": 0.8440860215053764, "eval_accuracy_FOOD": 0.884, "eval_precision_SERVICE": 0.9558823529411765, "eval_recall_SERVICE": 0.7738095238095238, "eval_f1_SERVICE": 0.8552631578947368, "eval_accuracy_SERVICE": 0.912, "eval_precision_AMBIENCE": 0.84, "eval_recall_AMBIENCE": 0.6176470588235294, "eval_f1_AMBIENCE": 0.711864406779661, "eval_accuracy_AMBIENCE": 0.932, "eval_precision_PRICE": 0.8529411764705882, "eval_recall_PRICE": 0.7631578947368421, "eval_f1_PRICE": 0.8055555555555555, "eval_accuracy_PRICE": 0.972, "eval_runtime": 1.6019, "eval_samples_per_second": 312.129, "eval_steps_per_second": 9.988, "epoch": 7.0}, {"eval_loss": 0.3077901303768158, "eval_hamming_loss": 0.118, "eval_accuracy": 0.644, "eval_f1_macro": 0.7653996876684774, "eval_f1_micro": 0.7641886490807354, "eval_f1_weighted": 0.7750553450563347, "eval_precision_GENERAL-IMPRESSION": 0.5076923076923077, "eval_recall_GENERAL-IMPRESSION": 0.8608695652173913, "eval_f1_GENERAL-IMPRESSION": 0.6387096774193549, "eval_accuracy_GENERAL-IMPRESSION": 0.776, "eval_precision_FOOD": 0.9257142857142857, "eval_recall_FOOD": 0.75, "eval_f1_FOOD": 0.8286445012787724, "eval_accuracy_FOOD": 0.866, "eval_precision_SERVICE": 0.9, "eval_recall_SERVICE": 0.7325581395348837, "eval_f1_SERVICE": 0.8076923076923077, "eval_accuracy_SERVICE": 0.88, "eval_precision_AMBIENCE": 0.7605633802816901, "eval_recall_AMBIENCE": 0.7012987012987013, "eval_f1_AMBIENCE": 0.7297297297297298, "eval_accuracy_AMBIENCE": 0.92, "eval_precision_PRICE": 0.7708333333333334, "eval_recall_PRICE": 0.8809523809523809, "eval_f1_PRICE": 0.8222222222222222, "eval_accuracy_PRICE": 0.968, "eval_runtime": 1.7736, "eval_samples_per_second": 281.915, "eval_steps_per_second": 9.021, "epoch": 7.0}, {"eval_loss": 0.26094701886177063, "eval_hamming_loss": 0.0972, "eval_accuracy": 0.668, "eval_f1_macro": 0.7766342370303221, "eval_f1_micro": 0.8100078186082876, "eval_f1_weighted": 0.8158516107079178, "eval_precision_GENERAL-IMPRESSION": 0.6306818181818182, "eval_recall_GENERAL-IMPRESSION": 0.8283582089552238, "eval_f1_GENERAL-IMPRESSION": 0.7161290322580645, "eval_accuracy_GENERAL-IMPRESSION": 0.824, "eval_precision_FOOD": 0.8721461187214612, "eval_recall_FOOD": 0.9271844660194175, "eval_f1_FOOD": 0.8988235294117647, "eval_accuracy_FOOD": 0.914, "eval_precision_SERVICE": 0.9375, "eval_recall_SERVICE": 0.8035714285714286, "eval_f1_SERVICE": 0.8653846153846154, "eval_accuracy_SERVICE": 0.916, "eval_precision_AMBIENCE": 0.6, "eval_recall_AMBIENCE": 0.8181818181818182, "eval_f1_AMBIENCE": 0.6923076923076923, "eval_accuracy_AMBIENCE": 0.904, "eval_precision_PRICE": 0.6923076923076923, "eval_recall_PRICE": 0.7297297297297297, "eval_f1_PRICE": 0.7105263157894737, "eval_accuracy_PRICE": 0.956, "eval_runtime": 2.0586, "eval_samples_per_second": 242.879, "eval_steps_per_second": 7.772, "epoch": 7.0}], "eval_loss": 0.27656560639540356, "eval_accuracy": 0.6636666666666667, "eval_hamming_loss": 0.1052, "eval_f1_macro": 0.7688494065170102, "eval_f1_micro": 0.7835246343961481, "eval_f1_weighted": 0.7893658245493634, "eval_precision_GENERAL-IMPRESSION": 0.6028582750913295, "eval_recall_GENERAL-IMPRESSION": 0.8793726338333898, "eval_f1_GENERAL-IMPRESSION": 0.7135887172616835, "eval_accuracy_GENERAL-IMPRESSION": 0.8223333333333334, "eval_precision_FOOD": 0.8942753492505499, "eval_recall_FOOD": 0.7966608433762077, "eval_f1_FOOD": 0.8407757811779307, "eval_accuracy_FOOD": 0.8743333333333333, "eval_precision_SERVICE": 0.9280775029021008, "eval_recall_SERVICE": 0.7292779340968192, "eval_f1_SERVICE": 0.815079004699399, "eval_accuracy_SERVICE": 0.895, "eval_precision_AMBIENCE": 0.7454984686160276, "eval_recall_AMBIENCE": 0.7281592182327477, "eval_f1_AMBIENCE": 0.7305267250197393, "eval_accuracy_AMBIENCE": 0.926, "eval_precision_PRICE": 0.6918420327760129, "eval_recall_PRICE": 0.8256127367969474, "eval_f1_PRICE": 0.7442768044262977, "eval_accuracy_PRICE": 0.9563333333333333, "runtime": 845.3139011859894, "runtime_formatted": "14m 5s", "n_samples_train": [2000, 2000, 2000, 2000, 2000, 2000],