{"LLM_NAME": "GPT-3", "N_REAL": 500, "N_SYNTH": 1500, "TARGET": "aspect_category", "LLM_SAMPLING": "random", "single_split_results": [{"eval_loss": 0.16585327684879303, "eval_hamming_loss": 0.0532, "eval_accuracy": 0.81, "eval_f1_macro": 0.8854937941397443, "eval_f1_micro": 0.8903544929925804, "eval_f1_weighted": 0.8899754234416455, "eval_precision_GENERAL-IMPRESSION": 0.8818897637795275, "eval_recall_GENERAL-IMPRESSION": 0.835820895522388, "eval_f1_GENERAL-IMPRESSION": 0.8582375478927202, "eval_accuracy_GENERAL-IMPRESSION": 0.926, "eval_precision_FOOD": 0.8914027149321267, "eval_recall_FOOD": 0.9205607476635514, "eval_f1_FOOD": 0.9057471264367817, "eval_accuracy_FOOD": 0.918, "eval_precision_SERVICE": 0.9383561643835616, "eval_recall_SERVICE": 0.8838709677419355, "eval_f1_SERVICE": 0.9102990033222592, "eval_accuracy_SERVICE": 0.946, "eval_precision_AMBIENCE": 0.890625, "eval_recall_AMBIENCE": 0.8142857142857143, "eval_f1_AMBIENCE": 0.8507462686567163, "eval_accuracy_AMBIENCE": 0.96, "eval_precision_PRICE": 0.8409090909090909, "eval_recall_PRICE": 0.9736842105263158, "eval_f1_PRICE": 0.9024390243902439, "eval_accuracy_PRICE": 0.984, "eval_runtime": 0.9702, "eval_samples_per_second": 515.359, "eval_steps_per_second": 16.491, "epoch": 7.0}, {"eval_loss": 0.1303202211856842, "eval_hamming_loss": 0.0432, "eval_accuracy": 0.84, "eval_f1_macro": 0.8990113564786537, "eval_f1_micro": 0.9092436974789916, "eval_f1_weighted": 0.9105438985055894, "eval_precision_GENERAL-IMPRESSION": 0.8195488721804511, "eval_recall_GENERAL-IMPRESSION": 0.9159663865546218, "eval_f1_GENERAL-IMPRESSION": 0.8650793650793651, "eval_accuracy_GENERAL-IMPRESSION": 0.932, "eval_precision_FOOD": 0.9339622641509434, "eval_recall_FOOD": 0.9473684210526315, "eval_f1_FOOD": 0.9406175771971497, "eval_accuracy_FOOD": 0.95, "eval_precision_SERVICE": 0.9591836734693877, "eval_recall_SERVICE": 0.9096774193548387, "eval_f1_SERVICE": 0.933774834437086, "eval_accuracy_SERVICE": 0.96, "eval_precision_AMBIENCE": 0.7733333333333333, "eval_recall_AMBIENCE": 0.90625, "eval_f1_AMBIENCE": 0.8345323741007193, "eval_accuracy_AMBIENCE": 0.954, "eval_precision_PRICE": 0.8974358974358975, "eval_recall_PRICE": 0.9459459459459459, "eval_f1_PRICE": 0.9210526315789475, "eval_accuracy_PRICE": 0.988, "eval_runtime": 0.6596, "eval_samples_per_second": 757.995, "eval_steps_per_second": 24.256, "epoch": 7.0}, {"eval_loss": 0.16321027278900146, "eval_hamming_loss": 0.0536, "eval_accuracy": 0.81, "eval_f1_macro": 0.8772168647471796, "eval_f1_micro": 0.888704318936877, "eval_f1_weighted": 0.8887136511893344, "eval_precision_GENERAL-IMPRESSION": 0.8231292517006803, "eval_recall_GENERAL-IMPRESSION": 0.8832116788321168, "eval_f1_GENERAL-IMPRESSION": 0.8521126760563381, "eval_accuracy_GENERAL-IMPRESSION": 0.916, "eval_precision_FOOD": 0.9342723004694836, "eval_recall_FOOD": 0.9255813953488372, "eval_f1_FOOD": 0.9299065420560748, "eval_accuracy_FOOD": 0.94, "eval_precision_SERVICE": 0.9154929577464789, "eval_recall_SERVICE": 0.87248322147651, "eval_f1_SERVICE": 0.8934707903780068, "eval_accuracy_SERVICE": 0.938, "eval_precision_AMBIENCE": 0.8688524590163934, "eval_recall_AMBIENCE": 0.7794117647058824, "eval_f1_AMBIENCE": 0.8217054263565892, "eval_accuracy_AMBIENCE": 0.954, "eval_precision_PRICE": 0.8, "eval_recall_PRICE": 1.0, "eval_f1_PRICE": 0.888888888888889, "eval_accuracy_PRICE": 0.984, "eval_runtime": 0.8008, "eval_samples_per_second": 624.404, "eval_steps_per_second": 19.981, "epoch": 7.0}, {"eval_loss": 0.14625710248947144, "eval_hamming_loss": 0.0476, "eval_accuracy": 0.826, "eval_f1_macro": 0.8909364002816206, "eval_f1_micro": 0.8999158957106812, "eval_f1_weighted": 0.8998072931969466, "eval_precision_GENERAL-IMPRESSION": 0.8205128205128205, "eval_recall_GENERAL-IMPRESSION": 0.8275862068965517, "eval_f1_GENERAL-IMPRESSION": 0.8240343347639484, "eval_accuracy_GENERAL-IMPRESSION": 0.918, "eval_precision_FOOD": 0.9215686274509803, "eval_recall_FOOD": 0.9494949494949495, "eval_f1_FOOD": 0.9353233830845771, "eval_accuracy_FOOD": 0.948, "eval_precision_SERVICE": 0.9011627906976745, "eval_recall_SERVICE": 0.9226190476190477, "eval_f1_SERVICE": 0.911764705882353, "eval_accuracy_SERVICE": 0.94, "eval_precision_AMBIENCE": 0.9117647058823529, "eval_recall_AMBIENCE": 0.9117647058823529, "eval_f1_AMBIENCE": 0.9117647058823528, "eval_accuracy_AMBIENCE": 0.976, "eval_precision_PRICE": 0.85, "eval_recall_PRICE": 0.8947368421052632, "eval_f1_PRICE": 0.8717948717948718, "eval_accuracy_PRICE": 0.98, "eval_runtime": 0.7621, "eval_samples_per_second": 656.052, "eval_steps_per_second": 20.994, "epoch": 7.0}, {"eval_loss": 0.19715729355812073, "eval_hamming_loss": 0.058, "eval_accuracy": 0.802, "eval_f1_macro": 0.8688415221544284, "eval_f1_micro": 0.8842777334397446, "eval_f1_weighted": 0.8855488962098301, "eval_precision_GENERAL-IMPRESSION": 0.7596899224806202, "eval_recall_GENERAL-IMPRESSION": 0.8521739130434782, "eval_f1_GENERAL-IMPRESSION": 0.8032786885245902, "eval_accuracy_GENERAL-IMPRESSION": 0.904, "eval_precision_FOOD": 0.943127962085308, "eval_recall_FOOD": 0.9212962962962963, "eval_f1_FOOD": 0.9320843091334895, "eval_accuracy_FOOD": 0.942, "eval_precision_SERVICE": 0.9390243902439024, "eval_recall_SERVICE": 0.8953488372093024, "eval_f1_SERVICE": 0.9166666666666666, "eval_accuracy_SERVICE": 0.944, "eval_precision_AMBIENCE": 0.8157894736842105, "eval_recall_AMBIENCE": 0.8051948051948052, "eval_f1_AMBIENCE": 0.8104575163398693, "eval_accuracy_AMBIENCE": 0.942, "eval_precision_PRICE": 0.803921568627451, "eval_recall_PRICE": 0.9761904761904762, "eval_f1_PRICE": 0.8817204301075269, "eval_accuracy_PRICE": 0.978, "eval_runtime": 0.8415, "eval_samples_per_second": 594.161, "eval_steps_per_second": 19.013, "epoch": 7.0}, {"eval_loss": 0.15684133768081665, "eval_hamming_loss": 0.0456, "eval_accuracy": 0.828, "eval_f1_macro": 0.9049558883704029, "eval_f1_micro": 0.9082125603864734, "eval_f1_weighted": 0.909103037283766, "eval_precision_GENERAL-IMPRESSION": 0.8120805369127517, "eval_recall_GENERAL-IMPRESSION": 0.9029850746268657, "eval_f1_GENERAL-IMPRESSION": 0.8551236749116609, "eval_accuracy_GENERAL-IMPRESSION": 0.918, "eval_precision_FOOD": 0.8981481481481481, "eval_recall_FOOD": 0.941747572815534, "eval_f1_FOOD": 0.9194312796208531, "eval_accuracy_FOOD": 0.932, "eval_precision_SERVICE": 0.975, "eval_recall_SERVICE": 0.9285714285714286, "eval_f1_SERVICE": 0.951219512195122, "eval_accuracy_SERVICE": 0.968, "eval_precision_AMBIENCE": 0.8529411764705882, "eval_recall_AMBIENCE": 0.8787878787878788, "eval_f1_AMBIENCE": 0.8656716417910447, "eval_accuracy_AMBIENCE": 0.964, "eval_precision_PRICE": 0.9210526315789473, "eval_recall_PRICE": 0.9459459459459459, "eval_f1_PRICE": 0.9333333333333332, "eval_accuracy_PRICE": 0.99, "eval_runtime": 1.0053, "eval_samples_per_second": 497.349, "eval_steps_per_second": 15.915, "epoch": 7.0}], "eval_loss": 0.15993991742531458, "eval_accuracy": 0.8193333333333334, "eval_hamming_loss": 0.0502, "eval_f1_macro": 0.8877426376953382, "eval_f1_micro": 0.896784783157558, "eval_f1_weighted": 0.8972820333045187, "eval_precision_GENERAL-IMPRESSION": 0.8194751945944753, "eval_recall_GENERAL-IMPRESSION": 0.8696240259126705, "eval_f1_GENERAL-IMPRESSION": 0.8429777145381038, "eval_accuracy_GENERAL-IMPRESSION": 0.919, "eval_precision_FOOD": 0.9204136695394983, "eval_recall_FOOD": 0.9343415637786333, "eval_f1_FOOD": 0.927185036254821, "eval_accuracy_FOOD": 0.9383333333333334, "eval_precision_SERVICE": 0.9380366627568341, "eval_recall_SERVICE": 0.9020951536621772, "eval_f1_SERVICE": 0.919532585480249, "eval_accuracy_SERVICE": 0.9493333333333333, "eval_precision_AMBIENCE": 0.8522176913978129, "eval_recall_AMBIENCE": 0.8492824781427722, "eval_f1_AMBIENCE": 0.849146322187882, "eval_accuracy_AMBIENCE": 0.9583333333333334, "eval_precision_PRICE": 0.8522198647585645, "eval_recall_PRICE": 0.9560839034523244, "eval_f1_PRICE": 0.8998715300156355, "eval_accuracy_PRICE": 0.984, "runtime": 543.8139050006866, "runtime_formatted": "9m 3s",