{"LLM_NAME": "Llama3_70B", "N_REAL": 500, "N_SYNTH": 1500, "TARGET": "aspect_category", "LLM_SAMPLING": "random", "single_split_results": [{"eval_loss": 0.17437125742435455, "eval_hamming_loss": 0.0576, "eval_accuracy": 0.79, "eval_f1_macro": 0.8688389204029164, "eval_f1_micro": 0.8801996672212978, "eval_f1_weighted": 0.8813538352234369, "eval_precision_GENERAL-IMPRESSION": 0.8115942028985508, "eval_recall_GENERAL-IMPRESSION": 0.835820895522388, "eval_f1_GENERAL-IMPRESSION": 0.823529411764706, "eval_accuracy_GENERAL-IMPRESSION": 0.904, "eval_precision_FOOD": 0.949748743718593, "eval_recall_FOOD": 0.883177570093458, "eval_f1_FOOD": 0.9152542372881356, "eval_accuracy_FOOD": 0.93, "eval_precision_SERVICE": 0.9366197183098591, "eval_recall_SERVICE": 0.8580645161290322, "eval_f1_SERVICE": 0.8956228956228957, "eval_accuracy_SERVICE": 0.938, "eval_precision_AMBIENCE": 0.9104477611940298, "eval_recall_AMBIENCE": 0.8714285714285714, "eval_f1_AMBIENCE": 0.8905109489051095, "eval_accuracy_AMBIENCE": 0.97, "eval_precision_PRICE": 0.7555555555555555, "eval_recall_PRICE": 0.8947368421052632, "eval_f1_PRICE": 0.8192771084337349, "eval_accuracy_PRICE": 0.97, "eval_runtime": 0.9704, "eval_samples_per_second": 515.254, "eval_steps_per_second": 16.488, "epoch": 7.0}, {"eval_loss": 0.12386108189821243, "eval_hamming_loss": 0.0408, "eval_accuracy": 0.848, "eval_f1_macro": 0.8947697184588627, "eval_f1_micro": 0.9135593220338982, "eval_f1_weighted": 0.9146619377926801, "eval_precision_GENERAL-IMPRESSION": 0.8257575757575758, "eval_recall_GENERAL-IMPRESSION": 0.9159663865546218, "eval_f1_GENERAL-IMPRESSION": 0.8685258964143426, "eval_accuracy_GENERAL-IMPRESSION": 0.934, "eval_precision_FOOD": 0.9698492462311558, "eval_recall_FOOD": 0.9234449760765551, "eval_f1_FOOD": 0.946078431372549, "eval_accuracy_FOOD": 0.956, "eval_precision_SERVICE": 0.9426751592356688, "eval_recall_SERVICE": 0.9548387096774194, "eval_f1_SERVICE": 0.9487179487179487, "eval_accuracy_SERVICE": 0.968, "eval_precision_AMBIENCE": 0.8115942028985508, "eval_recall_AMBIENCE": 0.875, "eval_f1_AMBIENCE": 0.8421052631578948, "eval_accuracy_AMBIENCE": 0.958, "eval_precision_PRICE": 0.8461538461538461, "eval_recall_PRICE": 0.8918918918918919, "eval_f1_PRICE": 0.868421052631579, "eval_accuracy_PRICE": 0.98, "eval_runtime": 0.6596, "eval_samples_per_second": 758.08, "eval_steps_per_second": 24.259, "epoch": 7.0}, {"eval_loss": 0.19083726406097412, "eval_hamming_loss": 0.066, "eval_accuracy": 0.774, "eval_f1_macro": 0.8449029952651588, "eval_f1_micro": 0.8639736191261336, "eval_f1_weighted": 0.865347839808988, "eval_precision_GENERAL-IMPRESSION": 0.7677419354838709, "eval_recall_GENERAL-IMPRESSION": 0.8686131386861314, "eval_f1_GENERAL-IMPRESSION": 0.8150684931506849, "eval_accuracy_GENERAL-IMPRESSION": 0.892, "eval_precision_FOOD": 0.9278846153846154, "eval_recall_FOOD": 0.8976744186046511, "eval_f1_FOOD": 0.912529550827423, "eval_accuracy_FOOD": 0.926, "eval_precision_SERVICE": 0.8951048951048951, "eval_recall_SERVICE": 0.8590604026845637, "eval_f1_SERVICE": 0.8767123287671232, "eval_accuracy_SERVICE": 0.928, "eval_precision_AMBIENCE": 0.8142857142857143, "eval_recall_AMBIENCE": 0.8382352941176471, "eval_f1_AMBIENCE": 0.8260869565217392, "eval_accuracy_AMBIENCE": 0.952, "eval_precision_PRICE": 0.75, "eval_recall_PRICE": 0.84375, "eval_f1_PRICE": 0.7941176470588235, "eval_accuracy_PRICE": 0.972, "eval_runtime": 0.8014, "eval_samples_per_second": 623.892, "eval_steps_per_second": 19.965, "epoch": 7.0}, {"eval_loss": 0.15835294127464294, "eval_hamming_loss": 0.0524, "eval_accuracy": 0.814, "eval_f1_macro": 0.878628884771607, "eval_f1_micro": 0.8879384088964927, "eval_f1_weighted": 0.8888259528124293, "eval_precision_GENERAL-IMPRESSION": 0.792, "eval_recall_GENERAL-IMPRESSION": 0.853448275862069, "eval_f1_GENERAL-IMPRESSION": 0.8215767634854771, "eval_accuracy_GENERAL-IMPRESSION": 0.914, "eval_precision_FOOD": 0.9430051813471503, "eval_recall_FOOD": 0.9191919191919192, "eval_f1_FOOD": 0.9309462915601022, "eval_accuracy_FOOD": 0.946, "eval_precision_SERVICE": 0.901840490797546, "eval_recall_SERVICE": 0.875, "eval_f1_SERVICE": 0.8882175226586103, "eval_accuracy_SERVICE": 0.926, "eval_precision_AMBIENCE": 0.9666666666666667, "eval_recall_AMBIENCE": 0.8529411764705882, "eval_f1_AMBIENCE": 0.90625, "eval_accuracy_AMBIENCE": 0.976, "eval_precision_PRICE": 0.825, "eval_recall_PRICE": 0.868421052631579, "eval_f1_PRICE": 0.8461538461538461, "eval_accuracy_PRICE": 0.976, "eval_runtime": 0.7615, "eval_samples_per_second": 656.609, "eval_steps_per_second": 21.011, "epoch": 7.0}, {"eval_loss": 0.16179338097572327, "eval_hamming_loss": 0.0536, "eval_accuracy": 0.812, "eval_f1_macro": 0.877540549839577, "eval_f1_micro": 0.8928, "eval_f1_weighted": 0.893357161713372, "eval_precision_GENERAL-IMPRESSION": 0.78125, "eval_recall_GENERAL-IMPRESSION": 0.8695652173913043, "eval_f1_GENERAL-IMPRESSION": 0.8230452674897121, "eval_accuracy_GENERAL-IMPRESSION": 0.914, "eval_precision_FOOD": 0.9357798165137615, "eval_recall_FOOD": 0.9444444444444444, "eval_f1_FOOD": 0.9400921658986177, "eval_accuracy_FOOD": 0.948, "eval_precision_SERVICE": 0.9440993788819876, "eval_recall_SERVICE": 0.8837209302325582, "eval_f1_SERVICE": 0.912912912912913, "eval_accuracy_SERVICE": 0.942, "eval_precision_AMBIENCE": 0.8714285714285714, "eval_recall_AMBIENCE": 0.7922077922077922, "eval_f1_AMBIENCE": 0.8299319727891157, "eval_accuracy_AMBIENCE": 0.95, "eval_precision_PRICE": 0.803921568627451, "eval_recall_PRICE": 0.9761904761904762, "eval_f1_PRICE": 0.8817204301075269, "eval_accuracy_PRICE": 0.978, "eval_runtime": 0.8411, "eval_samples_per_second": 594.476, "eval_steps_per_second": 19.023, "epoch": 7.0}, {"eval_loss": 0.18636737763881683, "eval_hamming_loss": 0.0632, "eval_accuracy": 0.774, "eval_f1_macro": 0.8617791096524574, "eval_f1_micro": 0.8709150326797386, "eval_f1_weighted": 0.8722414033649554, "eval_precision_GENERAL-IMPRESSION": 0.7516778523489933, "eval_recall_GENERAL-IMPRESSION": 0.835820895522388, "eval_f1_GENERAL-IMPRESSION": 0.7915194346289752, "eval_accuracy_GENERAL-IMPRESSION": 0.882, "eval_precision_FOOD": 0.8894230769230769, "eval_recall_FOOD": 0.8980582524271845, "eval_f1_FOOD": 0.8937198067632851, "eval_accuracy_FOOD": 0.912, "eval_precision_SERVICE": 0.9559748427672956, "eval_recall_SERVICE": 0.9047619047619048, "eval_f1_SERVICE": 0.929663608562691, "eval_accuracy_SERVICE": 0.954, "eval_precision_AMBIENCE": 0.8307692307692308, "eval_recall_AMBIENCE": 0.8181818181818182, "eval_f1_AMBIENCE": 0.8244274809160306, "eval_accuracy_AMBIENCE": 0.954, "eval_precision_PRICE": 0.9375, "eval_recall_PRICE": 0.8108108108108109, "eval_f1_PRICE": 0.8695652173913043, "eval_accuracy_PRICE": 0.982, "eval_runtime": 1.0052, "eval_samples_per_second": 497.393, "eval_steps_per_second": 15.917, "epoch": 7.0}], "eval_loss": 0.16593055054545403, "eval_accuracy": 0.802, "eval_hamming_loss": 0.055600000000000004, "eval_f1_macro": 0.8710766963984299, "eval_f1_micro": 0.8848976749929269, "eval_f1_weighted": 0.8859646884526436, "eval_precision_GENERAL-IMPRESSION": 0.7883369277481651, "eval_recall_GENERAL-IMPRESSION": 0.8632058015898171, "eval_f1_GENERAL-IMPRESSION": 0.8238775444889829, "eval_accuracy_GENERAL-IMPRESSION": 0.9066666666666666, "eval_precision_FOOD": 0.9359484466863921, "eval_recall_FOOD": 0.9109985968063689, "eval_f1_FOOD": 0.9231034139516855, "eval_accuracy_FOOD": 0.9363333333333332, "eval_precision_SERVICE": 0.9293857475162087, "eval_recall_SERVICE": 0.8892410772475797, "eval_f1_SERVICE": 0.9086412028736971, "eval_accuracy_SERVICE": 0.9426666666666667, "eval_precision_AMBIENCE": 0.8675320245404605, "eval_recall_AMBIENCE": 0.8413324420677363, "eval_f1_AMBIENCE": 0.8532187703816483, "eval_accuracy_AMBIENCE": 0.96, "eval_precision_PRICE": 0.819688495056142, "eval_recall_PRICE": 0.8809668456050034, "eval_f1_PRICE": 0.8465425502961358, "eval_accuracy_PRICE": 0.9763333333333333, "runtime": 543.8692128658295, "runtime_formatted": "9m 3s",