{"LLM_NAME": "Llama2_70B", "N_REAL": 500, "N_SYNTH": 1500, "TARGET": "aspect_category", "LLM_SAMPLING": "random", "single_split_results": [{"eval_loss": 0.1773521453142166, "eval_hamming_loss": 0.0592, "eval_accuracy": 0.788, "eval_f1_macro": 0.8694869690252351, "eval_f1_micro": 0.8756302521008403, "eval_f1_weighted": 0.8753891617211002, "eval_precision_GENERAL-IMPRESSION": 0.8387096774193549, "eval_recall_GENERAL-IMPRESSION": 0.7761194029850746, "eval_f1_GENERAL-IMPRESSION": 0.8062015503875968, "eval_accuracy_GENERAL-IMPRESSION": 0.9, "eval_precision_FOOD": 0.9134615384615384, "eval_recall_FOOD": 0.8878504672897196, "eval_f1_FOOD": 0.9004739336492891, "eval_accuracy_FOOD": 0.916, "eval_precision_SERVICE": 0.9379310344827586, "eval_recall_SERVICE": 0.8774193548387097, "eval_f1_SERVICE": 0.9066666666666666, "eval_accuracy_SERVICE": 0.944, "eval_precision_AMBIENCE": 0.90625, "eval_recall_AMBIENCE": 0.8285714285714286, "eval_f1_AMBIENCE": 0.8656716417910447, "eval_accuracy_AMBIENCE": 0.964, "eval_precision_PRICE": 0.868421052631579, "eval_recall_PRICE": 0.868421052631579, "eval_f1_PRICE": 0.868421052631579, "eval_accuracy_PRICE": 0.98, "eval_runtime": 0.9724, "eval_samples_per_second": 514.193, "eval_steps_per_second": 16.454, "epoch": 7.0}, {"eval_loss": 0.15301135182380676, "eval_hamming_loss": 0.0524, "eval_accuracy": 0.802, "eval_f1_macro": 0.8681030873174912, "eval_f1_micro": 0.8890770533446231, "eval_f1_weighted": 0.8908981073537937, "eval_precision_GENERAL-IMPRESSION": 0.7832167832167832, "eval_recall_GENERAL-IMPRESSION": 0.9411764705882353, "eval_f1_GENERAL-IMPRESSION": 0.8549618320610688, "eval_accuracy_GENERAL-IMPRESSION": 0.924, "eval_precision_FOOD": 0.9533678756476683, "eval_recall_FOOD": 0.8803827751196173, "eval_f1_FOOD": 0.9154228855721394, "eval_accuracy_FOOD": 0.932, "eval_precision_SERVICE": 0.9470198675496688, "eval_recall_SERVICE": 0.9225806451612903, "eval_f1_SERVICE": 0.934640522875817, "eval_accuracy_SERVICE": 0.96, "eval_precision_AMBIENCE": 0.7638888888888888, "eval_recall_AMBIENCE": 0.859375, "eval_f1_AMBIENCE": 0.8088235294117647, "eval_accuracy_AMBIENCE": 0.948, "eval_precision_PRICE": 0.8157894736842105, "eval_recall_PRICE": 0.8378378378378378, "eval_f1_PRICE": 0.8266666666666665, "eval_accuracy_PRICE": 0.974, "eval_runtime": 0.6614, "eval_samples_per_second": 755.968, "eval_steps_per_second": 24.191, "epoch": 7.0}, {"eval_loss": 0.17172066867351532, "eval_hamming_loss": 0.0564, "eval_accuracy": 0.808, "eval_f1_macro": 0.8675142581331338, "eval_f1_micro": 0.8806096528365792, "eval_f1_weighted": 0.8808004032136452, "eval_precision_GENERAL-IMPRESSION": 0.8285714285714286, "eval_recall_GENERAL-IMPRESSION": 0.8467153284671532, "eval_f1_GENERAL-IMPRESSION": 0.8375451263537906, "eval_accuracy_GENERAL-IMPRESSION": 0.91, "eval_precision_FOOD": 0.945273631840796, "eval_recall_FOOD": 0.8837209302325582, "eval_f1_FOOD": 0.9134615384615384, "eval_accuracy_FOOD": 0.928, "eval_precision_SERVICE": 0.9241379310344827, "eval_recall_SERVICE": 0.8993288590604027, "eval_f1_SERVICE": 0.9115646258503401, "eval_accuracy_SERVICE": 0.948, "eval_precision_AMBIENCE": 0.8387096774193549, "eval_recall_AMBIENCE": 0.7647058823529411, "eval_f1_AMBIENCE": 0.7999999999999999, "eval_accuracy_AMBIENCE": 0.948, "eval_precision_PRICE": 0.875, "eval_recall_PRICE": 0.875, "eval_f1_PRICE": 0.875, "eval_accuracy_PRICE": 0.984, "eval_runtime": 0.8022, "eval_samples_per_second": 623.316, "eval_steps_per_second": 19.946, "epoch": 7.0}, {"eval_loss": 0.16975338757038116, "eval_hamming_loss": 0.0592, "eval_accuracy": 0.788, "eval_f1_macro": 0.8613088740077725, "eval_f1_micro": 0.8735042735042736, "eval_f1_weighted": 0.8743801874500299, "eval_precision_GENERAL-IMPRESSION": 0.7661290322580645, "eval_recall_GENERAL-IMPRESSION": 0.8189655172413793, "eval_f1_GENERAL-IMPRESSION": 0.7916666666666666, "eval_accuracy_GENERAL-IMPRESSION": 0.9, "eval_precision_FOOD": 0.9365079365079365, "eval_recall_FOOD": 0.8939393939393939, "eval_f1_FOOD": 0.9147286821705426, "eval_accuracy_FOOD": 0.934, "eval_precision_SERVICE": 0.9090909090909091, "eval_recall_SERVICE": 0.8928571428571429, "eval_f1_SERVICE": 0.9009009009009009, "eval_accuracy_SERVICE": 0.934, "eval_precision_AMBIENCE": 0.8615384615384616, "eval_recall_AMBIENCE": 0.8235294117647058, "eval_f1_AMBIENCE": 0.8421052631578948, "eval_accuracy_AMBIENCE": 0.958, "eval_precision_PRICE": 0.8461538461538461, "eval_recall_PRICE": 0.868421052631579, "eval_f1_PRICE": 0.8571428571428572, "eval_accuracy_PRICE": 0.978, "eval_runtime": 0.763, "eval_samples_per_second": 655.316, "eval_steps_per_second": 20.97, "epoch": 7.0}, {"eval_loss": 0.19139763712882996, "eval_hamming_loss": 0.0604, "eval_accuracy": 0.788, "eval_f1_macro": 0.8727118886789308, "eval_f1_micro": 0.8785197103781175, "eval_f1_weighted": 0.8790559418224162, "eval_precision_GENERAL-IMPRESSION": 0.7716535433070866, "eval_recall_GENERAL-IMPRESSION": 0.8521739130434782, "eval_f1_GENERAL-IMPRESSION": 0.8099173553719009, "eval_accuracy_GENERAL-IMPRESSION": 0.908, "eval_precision_FOOD": 0.9295774647887324, "eval_recall_FOOD": 0.9166666666666666, "eval_f1_FOOD": 0.9230769230769231, "eval_accuracy_FOOD": 0.934, "eval_precision_SERVICE": 0.9119496855345912, "eval_recall_SERVICE": 0.8430232558139535, "eval_f1_SERVICE": 0.8761329305135952, "eval_accuracy_SERVICE": 0.918, "eval_precision_AMBIENCE": 0.8767123287671232, "eval_recall_AMBIENCE": 0.8311688311688312, "eval_f1_AMBIENCE": 0.8533333333333334, "eval_accuracy_AMBIENCE": 0.956, "eval_precision_PRICE": 0.8367346938775511, "eval_recall_PRICE": 0.9761904761904762, "eval_f1_PRICE": 0.9010989010989012, "eval_accuracy_PRICE": 0.982, "eval_runtime": 0.8422, "eval_samples_per_second": 593.717, "eval_steps_per_second": 18.999, "epoch": 7.0}, {"eval_loss": 0.17179247736930847, "eval_hamming_loss": 0.0592, "eval_accuracy": 0.778, "eval_f1_macro": 0.871731802975475, "eval_f1_micro": 0.8778877887788779, "eval_f1_weighted": 0.8791671819091068, "eval_precision_GENERAL-IMPRESSION": 0.7862068965517242, "eval_recall_GENERAL-IMPRESSION": 0.8507462686567164, "eval_f1_GENERAL-IMPRESSION": 0.8172043010752688, "eval_accuracy_GENERAL-IMPRESSION": 0.898, "eval_precision_FOOD": 0.9230769230769231, "eval_recall_FOOD": 0.8737864077669902, "eval_f1_FOOD": 0.8977556109725686, "eval_accuracy_FOOD": 0.918, "eval_precision_SERVICE": 0.961038961038961, "eval_recall_SERVICE": 0.8809523809523809, "eval_f1_SERVICE": 0.9192546583850931, "eval_accuracy_SERVICE": 0.948, "eval_precision_AMBIENCE": 0.8260869565217391, "eval_recall_AMBIENCE": 0.8636363636363636, "eval_f1_AMBIENCE": 0.8444444444444444, "eval_accuracy_AMBIENCE": 0.958, "eval_precision_PRICE": 0.868421052631579, "eval_recall_PRICE": 0.8918918918918919, "eval_f1_PRICE": 0.88, "eval_accuracy_PRICE": 0.982, "eval_runtime": 1.0065, "eval_samples_per_second": 496.769, "eval_steps_per_second": 15.897, "epoch": 7.0}], "eval_loss": 0.17250461131334305, "eval_accuracy": 0.7920000000000001, "eval_hamming_loss": 0.0578, "eval_f1_macro": 0.8684761466896731, "eval_f1_micro": 0.879204788490552, "eval_f1_weighted": 0.8799484972450152, "eval_precision_GENERAL-IMPRESSION": 0.7957478935540737, "eval_recall_GENERAL-IMPRESSION": 0.8476494834970062, "eval_f1_GENERAL-IMPRESSION": 0.8195828053193822, "eval_accuracy_GENERAL-IMPRESSION": 0.9066666666666666, "eval_precision_FOOD": 0.9335442283872658, "eval_recall_FOOD": 0.8893911068358243, "eval_f1_FOOD": 0.9108199289838335, "eval_accuracy_FOOD": 0.927, "eval_precision_SERVICE": 0.9318613981218952, "eval_recall_SERVICE": 0.8860269397806467, "eval_f1_SERVICE": 0.9081933841987354, "eval_accuracy_SERVICE": 0.9419999999999998, "eval_precision_AMBIENCE": 0.8455310521892613, "eval_recall_AMBIENCE": 0.8284978195823784, "eval_f1_AMBIENCE": 0.8357297020230803, "eval_accuracy_AMBIENCE": 0.9553333333333333, "eval_precision_PRICE": 0.8517533531631276, "eval_recall_PRICE": 0.8862937185305607, "eval_f1_PRICE": 0.868054912923334, "eval_accuracy_PRICE": 0.98, "runtime": 544.2141933441162,