{"LLM_NAME": "GPT-3", "N_REAL": 25, "N_SYNTH": 1975, "TARGET": "aspect_category", "LLM_SAMPLING": "fixed", "single_split_results": [{"eval_loss": 0.31360211968421936, "eval_hamming_loss": 0.09, "eval_accuracy": 0.68, "eval_f1_macro": 0.8166010113158622, "eval_f1_micro": 0.8145094806265457, "eval_f1_weighted": 0.8159532348962658, "eval_precision_GENERAL-IMPRESSION": 0.643979057591623, "eval_recall_GENERAL-IMPRESSION": 0.917910447761194, "eval_f1_GENERAL-IMPRESSION": 0.7569230769230769, "eval_accuracy_GENERAL-IMPRESSION": 0.842, "eval_precision_FOOD": 0.9365079365079365, "eval_recall_FOOD": 0.8271028037383178, "eval_f1_FOOD": 0.8784119106699751, "eval_accuracy_FOOD": 0.902, "eval_precision_SERVICE": 0.9607843137254902, "eval_recall_SERVICE": 0.632258064516129, "eval_f1_SERVICE": 0.7626459143968871, "eval_accuracy_SERVICE": 0.878, "eval_precision_AMBIENCE": 0.8529411764705882, "eval_recall_AMBIENCE": 0.8285714285714286, "eval_f1_AMBIENCE": 0.8405797101449276, "eval_accuracy_AMBIENCE": 0.956, "eval_precision_PRICE": 0.7307692307692307, "eval_recall_PRICE": 1.0, "eval_f1_PRICE": 0.8444444444444443, "eval_accuracy_PRICE": 0.972, "eval_runtime": 1.9828, "eval_samples_per_second": 252.173, "eval_steps_per_second": 8.07, "epoch": 7.0}, {"eval_loss": 0.3354276120662689, "eval_hamming_loss": 0.0944, "eval_accuracy": 0.694, "eval_f1_macro": 0.8004540712930333, "eval_f1_micro": 0.8026755852842808, "eval_f1_weighted": 0.8027169184485703, "eval_precision_GENERAL-IMPRESSION": 0.583756345177665, "eval_recall_GENERAL-IMPRESSION": 0.9663865546218487, "eval_f1_GENERAL-IMPRESSION": 0.7278481012658228, "eval_accuracy_GENERAL-IMPRESSION": 0.828, "eval_precision_FOOD": 0.8755760368663594, "eval_recall_FOOD": 0.9090909090909091, "eval_f1_FOOD": 0.8920187793427229, "eval_accuracy_FOOD": 0.908, "eval_precision_SERVICE": 0.9782608695652174, "eval_recall_SERVICE": 0.5806451612903226, "eval_f1_SERVICE": 0.728744939271255, "eval_accuracy_SERVICE": 0.866, "eval_precision_AMBIENCE": 0.819672131147541, "eval_recall_AMBIENCE": 0.78125, "eval_f1_AMBIENCE": 0.8, "eval_accuracy_AMBIENCE": 0.95, "eval_precision_PRICE": 0.7777777777777778, "eval_recall_PRICE": 0.9459459459459459, "eval_f1_PRICE": 0.8536585365853658, "eval_accuracy_PRICE": 0.976, "eval_runtime": 1.4148, "eval_samples_per_second": 353.413, "eval_steps_per_second": 11.309, "epoch": 7.0}, {"eval_loss": 0.38512054085731506, "eval_hamming_loss": 0.1148, "eval_accuracy": 0.644, "eval_f1_macro": 0.7413097068883274, "eval_f1_micro": 0.7578059071729957, "eval_f1_weighted": 0.7577198878463922, "eval_precision_GENERAL-IMPRESSION": 0.6064814814814815, "eval_recall_GENERAL-IMPRESSION": 0.9562043795620438, "eval_f1_GENERAL-IMPRESSION": 0.7422096317280453, "eval_accuracy_GENERAL-IMPRESSION": 0.818, "eval_precision_FOOD": 0.9364161849710982, "eval_recall_FOOD": 0.7534883720930232, "eval_f1_FOOD": 0.8350515463917526, "eval_accuracy_FOOD": 0.872, "eval_precision_SERVICE": 0.963855421686747, "eval_recall_SERVICE": 0.5369127516778524, "eval_f1_SERVICE": 0.689655172413793, "eval_accuracy_SERVICE": 0.856, "eval_precision_AMBIENCE": 0.7719298245614035, "eval_recall_AMBIENCE": 0.6470588235294118, "eval_f1_AMBIENCE": 0.704, "eval_accuracy_AMBIENCE": 0.926, "eval_precision_PRICE": 0.5818181818181818, "eval_recall_PRICE": 1.0, "eval_f1_PRICE": 0.735632183908046, "eval_accuracy_PRICE": 0.954, "eval_runtime": 1.6878, "eval_samples_per_second": 296.239, "eval_steps_per_second": 9.48, "epoch": 7.0}, {"eval_loss": 0.24899108707904816, "eval_hamming_loss": 0.0748, "eval_accuracy": 0.732, "eval_f1_macro": 0.8330991293283792, "eval_f1_micro": 0.8375325803649001, "eval_f1_weighted": 0.835630003212504, "eval_precision_GENERAL-IMPRESSION": 0.7006802721088435, "eval_recall_GENERAL-IMPRESSION": 0.8879310344827587, "eval_f1_GENERAL-IMPRESSION": 0.7832699619771865, "eval_accuracy_GENERAL-IMPRESSION": 0.886, "eval_precision_FOOD": 0.8803827751196173, "eval_recall_FOOD": 0.9292929292929293, "eval_f1_FOOD": 0.9041769041769042, "eval_accuracy_FOOD": 0.922, "eval_precision_SERVICE": 0.9658119658119658, "eval_recall_SERVICE": 0.6726190476190477, "eval_f1_SERVICE": 0.792982456140351, "eval_accuracy_SERVICE": 0.882, "eval_precision_AMBIENCE": 1.0, "eval_recall_AMBIENCE": 0.6764705882352942, "eval_f1_AMBIENCE": 0.8070175438596492, "eval_accuracy_AMBIENCE": 0.956, "eval_precision_PRICE": 0.8181818181818182, "eval_recall_PRICE": 0.9473684210526315, "eval_f1_PRICE": 0.8780487804878049, "eval_accuracy_PRICE": 0.98, "eval_runtime": 1.6147, "eval_samples_per_second": 309.656, "eval_steps_per_second": 9.909, "epoch": 7.0}, {"eval_loss": 0.3723064661026001, "eval_hamming_loss": 0.1188, "eval_accuracy": 0.608, "eval_f1_macro": 0.746112856385333, "eval_f1_micro": 0.750210260723297, "eval_f1_weighted": 0.7540619958356463, "eval_precision_GENERAL-IMPRESSION": 0.558282208588957, "eval_recall_GENERAL-IMPRESSION": 0.7913043478260869, "eval_f1_GENERAL-IMPRESSION": 0.6546762589928058, "eval_accuracy_GENERAL-IMPRESSION": 0.808, "eval_precision_FOOD": 0.9213483146067416, "eval_recall_FOOD": 0.7592592592592593, "eval_f1_FOOD": 0.8324873096446701, "eval_accuracy_FOOD": 0.868, "eval_precision_SERVICE": 1.0, "eval_recall_SERVICE": 0.563953488372093, "eval_f1_SERVICE": 0.7211895910780669, "eval_accuracy_SERVICE": 0.85, "eval_precision_AMBIENCE": 0.803030303030303, "eval_recall_AMBIENCE": 0.6883116883116883, "eval_f1_AMBIENCE": 0.7412587412587411, "eval_accuracy_AMBIENCE": 0.926, "eval_precision_PRICE": 0.6507936507936508, "eval_recall_PRICE": 0.9761904761904762, "eval_f1_PRICE": 0.7809523809523808, "eval_accuracy_PRICE": 0.954, "eval_runtime": 1.808, "eval_samples_per_second": 276.551, "eval_steps_per_second": 8.85, "epoch": 7.0}, {"eval_loss": 0.27916643023490906, "eval_hamming_loss": 0.0912, "eval_accuracy": 0.678, "eval_f1_macro": 0.8088797418057381, "eval_f1_micro": 0.814935064935065, "eval_f1_weighted": 0.8124987409634782, "eval_precision_GENERAL-IMPRESSION": 0.6686046511627907, "eval_recall_GENERAL-IMPRESSION": 0.8582089552238806, "eval_f1_GENERAL-IMPRESSION": 0.7516339869281047, "eval_accuracy_GENERAL-IMPRESSION": 0.848, "eval_precision_FOOD": 0.8347457627118644, "eval_recall_FOOD": 0.9563106796116505, "eval_f1_FOOD": 0.8914027149321267, "eval_accuracy_FOOD": 0.904, "eval_precision_SERVICE": 0.9819819819819819, "eval_recall_SERVICE": 0.6488095238095238, "eval_f1_SERVICE": 0.7813620071684588, "eval_accuracy_SERVICE": 0.878, "eval_precision_AMBIENCE": 0.7627118644067796, "eval_recall_AMBIENCE": 0.6818181818181818, "eval_f1_AMBIENCE": 0.7199999999999999, "eval_accuracy_AMBIENCE": 0.93, "eval_precision_PRICE": 0.8372093023255814, "eval_recall_PRICE": 0.972972972972973, "eval_f1_PRICE": 0.9, "eval_accuracy_PRICE": 0.984, "eval_runtime": 2.0342, "eval_samples_per_second": 245.791, "eval_steps_per_second": 7.865, "epoch": 7.0}], "eval_loss": 0.32243570933739346, "eval_accuracy": 0.6726666666666667, "eval_hamming_loss": 0.09733333333333334, "eval_f1_macro": 0.7910760861694456, "eval_f1_micro": 0.7962781465178473, "eval_f1_weighted": 0.7964301302004761, "eval_precision_GENERAL-IMPRESSION": 0.6269640026852268, "eval_recall_GENERAL-IMPRESSION": 0.8963242865796356, "eval_f1_GENERAL-IMPRESSION": 0.7360935029691738, "eval_accuracy_GENERAL-IMPRESSION": 0.8383333333333334, "eval_precision_FOOD": 0.8974961684639363, "eval_recall_FOOD": 0.8557574921810148, "eval_f1_FOOD": 0.8722581941930253, "eval_accuracy_FOOD": 0.896, "eval_precision_SERVICE": 0.9751157587952338, "eval_recall_SERVICE": 0.6058663395474947, "eval_f1_SERVICE": 0.7460966800781353, "eval_accuracy_SERVICE": 0.8683333333333333, "eval_precision_AMBIENCE": 0.8350475499361024, "eval_recall_AMBIENCE": 0.7172467850776675, "eval_f1_AMBIENCE": 0.7688093325438863, "eval_accuracy_AMBIENCE": 0.9406666666666665, "eval_precision_PRICE": 0.7327583269443735, "eval_recall_PRICE": 0.9737463026936711, "eval_f1_PRICE": 0.832122721063007, "eval_accuracy_PRICE": 0.9700000000000001, "runtime": 860.7168927192688, "runtime_formatted": "14m 20s",