{"LLM_NAME": "Llama3_70B", "N_REAL": 25, "N_SYNTH": 1975, "TARGET": "aspect_category", "LLM_SAMPLING": "fixed", "single_split_results": [{"eval_loss": 0.2586660385131836, "eval_hamming_loss": 0.0912, "eval_accuracy": 0.672, "eval_f1_macro": 0.8030006000068871, "eval_f1_micro": 0.8187599364069953, "eval_f1_weighted": 0.8238282302030688, "eval_precision_GENERAL-IMPRESSION": 0.6413043478260869, "eval_recall_GENERAL-IMPRESSION": 0.8805970149253731, "eval_f1_GENERAL-IMPRESSION": 0.7421383647798742, "eval_accuracy_GENERAL-IMPRESSION": 0.836, "eval_precision_FOOD": 0.9038461538461539, "eval_recall_FOOD": 0.8785046728971962, "eval_f1_FOOD": 0.8909952606635071, "eval_accuracy_FOOD": 0.908, "eval_precision_SERVICE": 0.9338842975206612, "eval_recall_SERVICE": 0.7290322580645161, "eval_f1_SERVICE": 0.8188405797101449, "eval_accuracy_SERVICE": 0.9, "eval_precision_AMBIENCE": 0.8133333333333334, "eval_recall_AMBIENCE": 0.8714285714285714, "eval_f1_AMBIENCE": 0.8413793103448276, "eval_accuracy_AMBIENCE": 0.954, "eval_precision_PRICE": 0.5932203389830508, "eval_recall_PRICE": 0.9210526315789473, "eval_f1_PRICE": 0.7216494845360825, "eval_accuracy_PRICE": 0.946, "eval_runtime": 1.9845, "eval_samples_per_second": 251.954, "eval_steps_per_second": 8.063, "epoch": 7.0}, {"eval_loss": 0.34080633521080017, "eval_hamming_loss": 0.1088, "eval_accuracy": 0.658, "eval_f1_macro": 0.7848479749447632, "eval_f1_micro": 0.7748344370860928, "eval_f1_weighted": 0.7859514189950437, "eval_precision_GENERAL-IMPRESSION": 0.5087719298245614, "eval_recall_GENERAL-IMPRESSION": 0.9747899159663865, "eval_f1_GENERAL-IMPRESSION": 0.6685878962536024, "eval_accuracy_GENERAL-IMPRESSION": 0.77, "eval_precision_FOOD": 0.8802083333333334, "eval_recall_FOOD": 0.8086124401913876, "eval_f1_FOOD": 0.8428927680798005, "eval_accuracy_FOOD": 0.874, "eval_precision_SERVICE": 0.9711538461538461, "eval_recall_SERVICE": 0.6516129032258065, "eval_f1_SERVICE": 0.7799227799227799, "eval_accuracy_SERVICE": 0.886, "eval_precision_AMBIENCE": 0.8888888888888888, "eval_recall_AMBIENCE": 0.75, "eval_f1_AMBIENCE": 0.8135593220338982, "eval_accuracy_AMBIENCE": 0.956, "eval_precision_PRICE": 0.7391304347826086, "eval_recall_PRICE": 0.918918918918919, "eval_f1_PRICE": 0.8192771084337348, "eval_accuracy_PRICE": 0.97, "eval_runtime": 1.2314, "eval_samples_per_second": 406.051, "eval_steps_per_second": 12.994, "epoch": 7.0}, {"eval_loss": 0.3058066964149475, "eval_hamming_loss": 0.1012, "eval_accuracy": 0.69, "eval_f1_macro": 0.7929922243568144, "eval_f1_micro": 0.7896924355777223, "eval_f1_weighted": 0.7955665026710133, "eval_precision_GENERAL-IMPRESSION": 0.5925925925925926, "eval_recall_GENERAL-IMPRESSION": 0.9343065693430657, "eval_f1_GENERAL-IMPRESSION": 0.725212464589235, "eval_accuracy_GENERAL-IMPRESSION": 0.806, "eval_precision_FOOD": 0.953757225433526, "eval_recall_FOOD": 0.7674418604651163, "eval_f1_FOOD": 0.8505154639175259, "eval_accuracy_FOOD": 0.884, "eval_precision_SERVICE": 0.9345794392523364, "eval_recall_SERVICE": 0.6711409395973155, "eval_f1_SERVICE": 0.78125, "eval_accuracy_SERVICE": 0.888, "eval_precision_AMBIENCE": 0.7794117647058824, "eval_recall_AMBIENCE": 0.7794117647058824, "eval_f1_AMBIENCE": 0.7794117647058824, "eval_accuracy_AMBIENCE": 0.94, "eval_precision_PRICE": 0.7631578947368421, "eval_recall_PRICE": 0.90625, "eval_f1_PRICE": 0.8285714285714286, "eval_accuracy_PRICE": 0.976, "eval_runtime": 1.6515, "eval_samples_per_second": 302.763, "eval_steps_per_second": 9.688, "epoch": 7.0}, {"eval_loss": 0.2488897442817688, "eval_hamming_loss": 0.0892, "eval_accuracy": 0.696, "eval_f1_macro": 0.800319784896646, "eval_f1_micro": 0.8167625308134757, "eval_f1_weighted": 0.8250167504950587, "eval_precision_GENERAL-IMPRESSION": 0.5932203389830508, "eval_recall_GENERAL-IMPRESSION": 0.9051724137931034, "eval_f1_GENERAL-IMPRESSION": 0.7167235494880545, "eval_accuracy_GENERAL-IMPRESSION": 0.834, "eval_precision_FOOD": 0.8860103626943006, "eval_recall_FOOD": 0.8636363636363636, "eval_f1_FOOD": 0.8746803069053708, "eval_accuracy_FOOD": 0.902, "eval_precision_SERVICE": 0.95, "eval_recall_SERVICE": 0.7916666666666666, "eval_f1_SERVICE": 0.8636363636363635, "eval_accuracy_SERVICE": 0.916, "eval_precision_AMBIENCE": 0.8709677419354839, "eval_recall_AMBIENCE": 0.7941176470588235, "eval_f1_AMBIENCE": 0.8307692307692308, "eval_accuracy_AMBIENCE": 0.956, "eval_precision_PRICE": 0.5964912280701754, "eval_recall_PRICE": 0.8947368421052632, "eval_f1_PRICE": 0.7157894736842105, "eval_accuracy_PRICE": 0.946, "eval_runtime": 1.6026, "eval_samples_per_second": 311.988, "eval_steps_per_second": 9.984, "epoch": 7.0}, {"eval_loss": 0.28311488032341003, "eval_hamming_loss": 0.092, "eval_accuracy": 0.7, "eval_f1_macro": 0.8153497830144578, "eval_f1_micro": 0.821705426356589, "eval_f1_weighted": 0.8319907096764569, "eval_precision_GENERAL-IMPRESSION": 0.542713567839196, "eval_recall_GENERAL-IMPRESSION": 0.9391304347826087, "eval_f1_GENERAL-IMPRESSION": 0.6878980891719745, "eval_accuracy_GENERAL-IMPRESSION": 0.804, "eval_precision_FOOD": 0.9310344827586207, "eval_recall_FOOD": 0.875, "eval_f1_FOOD": 0.9021479713603818, "eval_accuracy_FOOD": 0.918, "eval_precision_SERVICE": 0.9324324324324325, "eval_recall_SERVICE": 0.8023255813953488, "eval_f1_SERVICE": 0.8625, "eval_accuracy_SERVICE": 0.912, "eval_precision_AMBIENCE": 0.8028169014084507, "eval_recall_AMBIENCE": 0.7402597402597403, "eval_f1_AMBIENCE": 0.7702702702702703, "eval_accuracy_AMBIENCE": 0.932, "eval_precision_PRICE": 0.8085106382978723, "eval_recall_PRICE": 0.9047619047619048, "eval_f1_PRICE": 0.853932584269663, "eval_accuracy_PRICE": 0.974, "eval_runtime": 1.7119, "eval_samples_per_second": 292.078, "eval_steps_per_second": 9.347, "epoch": 7.0}, {"eval_loss": 0.27106332778930664, "eval_hamming_loss": 0.0936, "eval_accuracy": 0.67, "eval_f1_macro": 0.8153102944688028, "eval_f1_micro": 0.8171875000000001, "eval_f1_weighted": 0.8249490277733169, "eval_precision_GENERAL-IMPRESSION": 0.6069651741293532, "eval_recall_GENERAL-IMPRESSION": 0.9104477611940298, "eval_f1_GENERAL-IMPRESSION": 0.728358208955224, "eval_accuracy_GENERAL-IMPRESSION": 0.818, "eval_precision_FOOD": 0.8877551020408163, "eval_recall_FOOD": 0.8446601941747572, "eval_f1_FOOD": 0.8656716417910448, "eval_accuracy_FOOD": 0.892, "eval_precision_SERVICE": 0.9574468085106383, "eval_recall_SERVICE": 0.8035714285714286, "eval_f1_SERVICE": 0.8737864077669905, "eval_accuracy_SERVICE": 0.922, "eval_precision_AMBIENCE": 0.6483516483516484, "eval_recall_AMBIENCE": 0.8939393939393939, "eval_f1_AMBIENCE": 0.751592356687898, "eval_accuracy_AMBIENCE": 0.922, "eval_precision_PRICE": 0.825, "eval_recall_PRICE": 0.8918918918918919, "eval_f1_PRICE": 0.8571428571428571, "eval_accuracy_PRICE": 0.978, "eval_runtime": 2.01, "eval_samples_per_second": 248.759, "eval_steps_per_second": 7.96, "epoch": 7.0}], "eval_loss": 0.28472450375556946, "eval_accuracy": 0.681, "eval_hamming_loss": 0.09600000000000002, "eval_f1_macro": 0.8019701102813951, "eval_f1_micro": 0.8064903777068125, "eval_f1_weighted": 0.8145504399689932, "eval_precision_GENERAL-IMPRESSION": 0.5809279918658069, "eval_recall_GENERAL-IMPRESSION": 0.9240740183340946, "eval_f1_GENERAL-IMPRESSION": 0.7114864288729942, "eval_accuracy_GENERAL-IMPRESSION": 0.8113333333333332, "eval_precision_FOOD": 0.9071019433511252, "eval_recall_FOOD": 0.8396425885608035, "eval_f1_FOOD": 0.8711505687862718, "eval_accuracy_FOOD": 0.8963333333333333, "eval_precision_SERVICE": 0.946582803978319, "eval_recall_SERVICE": 0.7415582962535137, "eval_f1_SERVICE": 0.8299893551727132, "eval_accuracy_SERVICE": 0.9039999999999999, "eval_precision_AMBIENCE": 0.8006283797706146, "eval_recall_AMBIENCE": 0.8048595195654018, "eval_f1_AMBIENCE": 0.7978303758020013, "eval_accuracy_AMBIENCE": 0.9433333333333332, "eval_precision_PRICE": 0.7209184224784249, "eval_recall_PRICE": 0.9062686982094877, "eval_f1_PRICE": 0.7993938227729961, "eval_accuracy_PRICE": 0.965, "runtime": 836.6838271617889,