{"LLM_NAME": "Llama13B", "N_REAL": 500, "N_SYNTH": 0, "TARGET": "aspect_category", "LLM_SAMPLING": "fixed", "loss": 0.5192740559577942, "hamming": 0.226, "accuracy": 0.064, "f1_micro": 0.19630156472261737, "f1_macro": 0.10222222222222224, "f1_weighted": 0.1620399579390116, "runtime": 21.08582091331482, "runtime_formatted": "21s"}