{"LLM_NAME": "Llama13B", "N_REAL": 500, "N_SYNTH": 0, "TARGET": "aspect_term", "LLM_SAMPLING": "fixed", "eval_f1_micro": 0.04060766177585412, "eval_f1_macro": 0.032486129420683296, "eval_precision": 0.006251538828448222, "eval_precision_GENERAL-IMPRESSION": 0.07142857142857142, "eval_precision_FOOD": 0.003973509933774834, "eval_precision_SERVICE": 0.0020327957717847945, "eval_precision_AMBIENCE": 0.009080820657175337, "eval_precision_PRICE": 0.0, "eval_recall_GENERAL-IMPRESSION": 1.0, "eval_recall_FOOD": 0.08982035928143713, "eval_recall_SERVICE": 0.08875739644970414, "eval_recall_AMBIENCE": 0.24813432835820895, "eval_recall_PRICE": 0.0, "eval_f1_GENERAL-IMPRESSION": 0.13333333333333333, "eval_f1_FOOD": 0.007610350076103501, "eval_f1_SERVICE": 0.00397456279809221, "eval_f1_AMBIENCE": 0.017512400895887435, "eval_f1_PRICE": 0.0, "runtime": 121.91285920143127, "runtime_formatted": "2m 1s", "eval_loss": 473.12806701660156}