{"LLM_NAME": "Llama13B", "N_REAL": 500, "N_SYNTH": 0, "TARGET": "aspect_category", "LLM_SAMPLING": "fixed", "loss": 0.5177565217018127, "hamming": 0.1996, "accuracy": 0.128, "f1_micro": 0.3511053315994799, "f1_macro": 0.16071428571428575, "f1_weighted": 0.2547600270392069, "runtime": 19.657248973846436, "runtime_formatted": "19s"}